{
 "num_donations": 870.0,
 "avg_num_donations_per_zip": 14.745762711864407,
 "total_donated": 2999007.84,
 "avg_donated_per_zip": 50830.6413559322,
 "min_donation": 0.0,
 "max_donation": 1000000.0,
 "avg_donation": 3447.135448275862
}