{
 "num_donations": 1394.0,
 "avg_num_donations_per_zip": 23.627118644067796,
 "total_donated": 3999278.27,
 "avg_donated_per_zip": 67784.37745762712,
 "min_donation": 0.0,
 "max_donation": 500000.0,
 "avg_donation": 2868.922718794835
}